Workbook

Sheet ДАННЫЕ_ЦЕНЫ
A1: Дата | B1: Актив_1 | C1: Актив_2 | D1: Актив_3 | E1: Актив_4 | F1: Актив_5

Sheet ДОХОДНОСТИ
A1: Дата | B1: Доходность_1 | C1: Доходность_2 | D1: Доходность_3 | E1: Доходность_4 | F1: Доходность_5
A2: ='ДАННЫЕ_ЦЕНЫ'!A2 | B2: =LN('ДАННЫЕ_ЦЕНЫ'!B2/'ДАННЫЕ_ЦЕНЫ'!B1) | C2: =LN('ДАННЫЕ_ЦЕНЫ'!C2/'ДАННЫЕ_ЦЕНЫ'!C1) | D2: =LN('ДАННЫЕ_ЦЕНЫ'!D2/'ДАННЫЕ_ЦЕНЫ'!D1) | E2: =LN('ДАННЫЕ_ЦЕНЫ'!E2/'ДАННЫЕ_ЦЕНЫ'!E1) | F2: =LN('ДАННЫЕ_ЦЕНЫ'!F2/'ДАННЫЕ_ЦЕНЫ'!F1)

Sheet СТАТИСТИКА
A1: Метрика | B1: Актив_1 | C1: Актив_2 | D1: Актив_3 | E1: Актив_4 | F1: Актив_5
A2: Средняя_доходность_дн | B2: =AVERAGE('ДОХОДНОСТИ'!B:B) | C2: =AVERAGE('ДОХОДНОСТИ'!C:C) | D2: =AVERAGE('ДОХОДНОСТИ'!D:D) | E2: =AVERAGE('ДОХОДНОСТИ'!E:E) | F2: =AVERAGE('ДОХОДНОСТИ'!F:F)
A3: Волатильность_дн | B3: =STDEV.S('ДОХОДНОСТИ'!B:B) | C3: =STDEV.S('ДОХОДНОСТИ'!C:C) | D3: =STDEV.S('ДОХОДНОСТИ'!D:D) | E3: =STDEV.S('ДОХОДНОСТИ'!E:E) | F3: =STDEV.S('ДОХОДНОСТИ'!F:F)
A4: Средняя_доходность_год | B4: =B2*252 | C4: =C2*252 | D4: =D2*252 | E4: =E2*252 | F4: =F2*252
A5: Волатильность_год | B5: =B3*SQRT(252) | C5: =C3*SQRT(252) | D5: =D3*SQRT(252) | E5: =E3*SQRT(252) | F5: =F3*SQRT(252)
A6: Коэф_Шарпа_год | B6: =(B4-$B$9)/B5 | C6: =(C4-$B$9)/C5 | D6: =(D4-$B$9)/D5 | E6: =(E4-$B$9)/E5 | F6: =(F4-$B$9)/F5
A8: Входные_параметры
A9: Безрисковая_ставка_год | B9: 0.05
A10: Целевая_доходность_год | B10: 0.15
A11: Целевой_риск_год | B11: 0.2
A13: Корреляционная_матрица
B14: Актив_1 | C14: Актив_2 | D14: Актив_3 | E14: Актив_4 | F14: Актив_5
A15: Актив_1 | B15: =CORREL('ДОХОДНОСТИ'!B:B | C15: 'ДОХОДНОСТИ'!B:B) | D15: =CORREL('ДОХОДНОСТИ'!B:B | E15: 'ДОХОДНОСТИ'!C:C) | F15: =CORREL('ДОХОДНОСТИ'!B:B | G15: 'ДОХОДНОСТИ'!D:D) | H15: =CORREL('ДОХОДНОСТИ'!B:B | I15: 'ДОХОДНОСТИ'!E:E) | J15: =CORREL('ДОХОДНОСТИ'!B:B | K15: 'ДОХОДНОСТИ'!F:F)
A16: Актив_2 | B16: =CORREL('ДОХОДНОСТИ'!C:C | C16: 'ДОХОДНОСТИ'!B:B) | D16: =CORREL('ДОХОДНОСТИ'!C:C | E16: 'ДОХОДНОСТИ'!C:C) | F16: =CORREL('ДОХОДНОСТИ'!C:C | G16: 'ДОХОДНОСТИ'!D:D) | H16: =CORREL('ДОХОДНОСТИ'!C:C | I16: 'ДОХОДНОСТИ'!E:E) | J16: =CORREL('ДОХОДНОСТИ'!C:C | K16: 'ДОХОДНОСТИ'!F:F)
A17: Актив_3 | B17: =CORREL('ДОХОДНОСТИ'!D:D | C17: 'ДОХОДНОСТИ'!B:B) | D17: =CORREL('ДОХОДНОСТИ'!D:D | E17: 'ДОХОДНОСТИ'!C:C) | F17: =CORREL('ДОХОДНОСТИ'!D:D | G17: 'ДОХОДНОСТИ'!D:D) | H17: =CORREL('ДОХОДНОСТИ'!D:D | I17: 'ДОХОДНОСТИ'!E:E) | J17: =CORREL('ДОХОДНОСТИ'!D:D | K17: 'ДОХОДНОСТИ'!F:F)
A18: Актив_4 | B18: =CORREL('ДОХОДНОСТИ'!E:E | C18: 'ДОХОДНОСТИ'!B:B) | D18: =CORREL('ДОХОДНОСТИ'!E:E | E18: 'ДОХОДНОСТИ'!C:C) | F18: =CORREL('ДОХОДНОСТИ'!E:E | G18: 'ДОХОДНОСТИ'!D:D) | H18: =CORREL('ДОХОДНОСТИ'!E:E | I18: 'ДОХОДНОСТИ'!E:E) | J18: =CORREL('ДОХОДНОСТИ'!E:E | K18: 'ДОХОДНОСТИ'!F:F)
A19: Актив_5 | B19: =CORREL('ДОХОДНОСТИ'!F:F | C19: 'ДОХОДНОСТИ'!B:B) | D19: =CORREL('ДОХОДНОСТИ'!F:F | E19: 'ДОХОДНОСТИ'!C:C) | F19: =CORREL('ДОХОДНОСТИ'!F:F | G19: 'ДОХОДНОСТИ'!D:D) | H19: =CORREL('ДОХОДНОСТИ'!F:F | I19: 'ДОХОДНОСТИ'!E:E) | J19: =CORREL('ДОХОДНОСТИ'!F:F | K19: 'ДОХОДНОСТИ'!F:F)
A21: Ковариационная_матрица
B22: Актив_1 | C22: Актив_2 | D22: Актив_3 | E22: Актив_4 | F22: Актив_5
A23: Актив_1 | B23: =COVARIANCE.S('ДОХОДНОСТИ'!B:B | C23: 'ДОХОДНОСТИ'!B:B) | D23: =COVARIANCE.S('ДОХОДНОСТИ'!B:B | E23: 'ДОХОДНОСТИ'!C:C) | F23: =COVARIANCE.S('ДОХОДНОСТИ'!B:B | G23: 'ДОХОДНОСТИ'!D:D) | H23: =COVARIANCE.S('ДОХОДНОСТИ'!B:B | I23: 'ДОХОДНОСТИ'!E:E) | J23: =COVARIANCE.S('ДОХОДНОСТИ'!B:B | K23: 'ДОХОДНОСТИ'!F:F)
A24: Актив_2 | B24: =COVARIANCE.S('ДОХОДНОСТИ'!C:C | C24: 'ДОХОДНОСТИ'!B:B) | D24: =COVARIANCE.S('ДОХОДНОСТИ'!C:C | E24: 'ДОХОДНОСТИ'!C:C) | F24: =COVARIANCE.S('ДОХОДНОСТИ'!C:C | G24: 'ДОХОДНОСТИ'!D:D) | H24: =COVARIANCE.S('ДОХОДНОСТИ'!C:C | I24: 'ДОХОДНОСТИ'!E:E) | J24: =COVARIANCE.S('ДОХОДНОСТИ'!C:C | K24: 'ДОХОДНОСТИ'!F:F)
A25: Актив_3 | B25: =COVARIANCE.S('ДОХОДНОСТИ'!D:D | C25: 'ДОХОДНОСТИ'!B:B) | D25: =COVARIANCE.S('ДОХОДНОСТИ'!D:D | E25: 'ДОХОДНОСТИ'!C:C) | F25: =COVARIANCE.S('ДОХОДНОСТИ'!D:D | G25: 'ДОХОДНОСТИ'!D:D) | H25: =COVARIANCE.S('ДОХОДНОСТИ'!D:D | I25: 'ДОХОДНОСТИ'!E:E) | J25: =COVARIANCE.S('ДОХОДНОСТИ'!D:D | K25: 'ДОХОДНОСТИ'!F:F)
A26: Актив_4 | B26: =COVARIANCE.S('ДОХОДНОСТИ'!E:E | C26: 'ДОХОДНОСТИ'!B:B) | D26: =COVARIANCE.S('ДОХОДНОСТИ'!E:E | E26: 'ДОХОДНОСТИ'!C:C) | F26: =COVARIANCE.S('ДОХОДНОСТИ'!E:E | G26: 'ДОХОДНОСТИ'!D:D) | H26: =COVARIANCE.S('ДОХОДНОСТИ'!E:E | I26: 'ДОХОДНОСТИ'!E:E) | J26: =COVARIANCE.S('ДОХОДНОСТИ'!E:E | K26: 'ДОХОДНОСТИ'!F:F)
A27: Актив_5 | B27: =COVARIANCE.S('ДОХОДНОСТИ'!F:F | C27: 'ДОХОДНОСТИ'!B:B) | D27: =COVARIANCE.S('ДОХОДНОСТИ'!F:F | E27: 'ДОХОДНОСТИ'!C:C) | F27: =COVARIANCE.S('ДОХОДНОСТИ'!F:F | G27: 'ДОХОДНОСТИ'!D:D) | H27: =COVARIANCE.S('ДОХОДНОСТИ'!F:F | I27: 'ДОХОДНОСТИ'!E:E) | J27: =COVARIANCE.S('ДОХОДНОСТИ'!F:F | K27: 'ДОХОДНОСТИ'!F:F)

Sheet ПОРТФЕЛЬ
A1: Параметр | B1: Значение | C1: Примечание
A2: Веса
A3: Вес_Актив_1 | B3: 0.2
A4: Вес_Актив_2 | B4: 0.2
A5: Вес_Актив_3 | B5: 0.2
A6: Вес_Актив_4 | B6: 0.2
A7: Вес_Актив_5 | B7: 0.2
A9: Доходность_портфеля | B9: =SUMPRODUCT(B3:B7 | C9: 'СТАТИСТИКА'!B4:F4)
A10: Риск_портфеля | B10: =SQRT(MMULT(MMULT(TRANSPOSE(B3:B7) | C10: 'СТАТИСТИКА'!B23:F27) | D10: B3:B7))
A11: Коэф_Шарпа_год | B11: =(B9-'СТАТИСТИКА'!B9)/B10
A12: Доля_риска_CML | B12: ='СТАТИСТИКА'!B11/B10
A13: Доля_кэш | B13: =1-B12
A14: Смешанная_доходность | B14: =B12*B9 + B13*'СТАТИСТИКА'!B9
A15: Смешанный_риск | B15: =B12*B10
